Нарекай,"Xcho, TIMMATE, Пабло",https://avatars.yandex.net/get-music-content/5966316/c0b14f63.a.23134378-1/50x50
ЗА ДЕНЬГИ ДА,INSTASAMKA,https://avatars.yandex.net/get-music-content/5502420/686d2bf8.a.24375438-1/50x50
Доча,Jah Khalib,https://avatars.yandex.net/get-music-content/5853241/fb9f2e50.a.24204514-1/50x50
Ты не такая как все,Nurik Barmakov,https://avatars.yandex.net/get-music-content/7852894/cc52795a.a.24789292-1/50x50
Отключаю телефон,INSTASAMKA,https://avatars.yandex.net/get-music-content/7852894/e79bcac6.a.24945899-1/50x50
Кечки Бишкек,Мирбек Атабеков,https://avatars.yandex.net/get-music-content/6300975/b65c1b7f.a.22915100-1/50x50
Сени менен,Мирбек Атабеков,https://avatars.yandex.net/get-music-content/7548376/01a66015.a.23888981-1/50x50
Ножевой,"A.V.G, TATAR",https://avatars.yandex.net/get-music-content/7852894/faf6e820.a.24654032-2/50x50
Расстояние,"Bakr, Ulukmanapo",https://avatars.yandex.net/get-music-content/6201394/c7dd9e3c.a.22398715-1/50x50
Январь,"Xcho, Ramil'",https://avatars.yandex.net/get-music-content/8316823/4f7ddf74.a.24603253-1/50x50
Тихий океан,AIHAN,https://avatars.yandex.net/get-music-content/7852894/923542dd.a.24801774-1/50x50
Calm Down,Rema,https://avatars.yandex.net/get-music-content/3927581/fcd660e5.a.21171428-3/50x50
Эталон красоты,Bakr,https://avatars.yandex.net/get-music-content/6201394/5eed12a5.a.23204058-1/50x50
Бат Эле Унутам,Jax (02.14),https://avatars.yandex.net/get-music-content/5853241/b9529b12.a.24585969-1/50x50
Бедный поэт,Bakr,https://avatars.yandex.net/get-music-content/8123381/7146981f.a.24693900-1/50x50
Вредина,Bakr,https://avatars.yandex.net/get-music-content/6202531/2ec84693.a.22796455-1/50x50
Летали,Ulukmanapo,https://avatars.yandex.net/get-music-content/4382102/6547d765.a.18317597-1/50x50
Sebelep,Jax (02.14),https://avatars.yandex.net/get-music-content/6214856/b96e4523.a.22834085-1/50x50
Приятная,"Эндшпиль, Ollane",https://avatars.yandex.net/get-music-content/5412783/d127ffb5.a.24153137-1/50x50
Очи,Bakr,https://avatars.yandex.net/get-music-content/5234929/0587ba89.a.19563442-1/50x50
Ким билет,Jax (02.14),https://avatars.yandex.net/get-music-content/6300975/cf33cea9.a.21546784-2/50x50
Mockingbird,Eminem,https://avatars.yandex.net/get-music-content/34131/6fd4311d.a.4846-2/50x50
Про любовь,Xcho,https://avatars.yandex.net/get-music-content/6447985/773165ea.a.22887870-1/50x50
Insomnia,Akha,https://avatars.yandex.net/get-music-content/6386858/bffc7b15.a.24409919-1/50x50
Дом 50,"V $ X V PRiNCE, Кисло-Сладкий & Bonah",https://avatars.yandex.net/get-music-content/6447985/7f01714b.a.23093583-1/50x50
Жүрөктө сенсин жаным,Мирбек Атабеков,https://avatars.yandex.net/get-music-content/5496390/d4738fd9.a.23116361-1/50x50
Монро,Slavik Pogosov,https://avatars.yandex.net/get-music-content/6214856/89cf1290.a.23394439-1/50x50
НА РАХАТЕ,Ганвест,https://avatars.yandex.net/get-music-content/5878680/6327564d.a.24022623-2/50x50
Сирень,Bakr,https://avatars.yandex.net/get-music-content/6300975/0d35c317.a.22337513-1/50x50
За любовь,Bakr,https://avatars.yandex.net/get-music-content/6021799/8e8569f3.a.23542922-1/50x50
КАК MOMMY,INSTASAMKA,https://avatars.yandex.net/get-music-content/5502420/686d2bf8.a.24375438-1/50x50
Герой  Из к/ф «Разбой»,FREEMAN 996,https://avatars.yandex.net/get-music-content/8123381/560f8bfd.a.24902432-1/50x50
Москва любит...,Скриптонит,https://avatars.yandex.net/get-music-content/1880735/fa6a6018.a.9684249-1/50x50
Ойлорумда,Bakr,https://avatars.yandex.net/get-music-content/4304260/b9baa9fe.a.13819785-2/50x50
Твои сонные глаза,Jah Khalib,https://avatars.yandex.net/get-music-content/63210/46bf0480.a.3332468-1/50x50
Hot,Liili,https://avatars.yandex.net/get-music-content/8316823/eb0c299a.a.24590708-1/50x50
По барам,ANNA ASTI,https://avatars.yandex.net/get-music-content/6447985/458c45a5.a.22820453-1/50x50
Qaragat,"Kaizen, FreeMan996",https://avatars.yandex.net/get-music-content/6214856/b3c2c97d.a.22905107-1/50x50
Шоколад,Kenjebek Nurdolday,https://avatars.yandex.net/get-music-content/5413882/279fddeb.a.23847813-1/50x50
Особа крутая,HIRO,https://avatars.yandex.net/get-music-content/2810397/8c578327.a.10436807-1/50x50
Байландым,FREEMAN 996,https://avatars.yandex.net/get-music-content/6202531/40646021.a.23700878-1/50x50
-42,"FATBELLY, Ulukmanapo",https://avatars.yandex.net/get-music-content/5314916/9576ced0.a.24093270-1/50x50
Күндөр Жаңырат,Мирбек Атабеков,https://avatars.yandex.net/get-music-content/5413882/d173e27c.a.19865930-1/50x50
Лилия,"Jax (02.14), Crystal (02.14)",https://avatars.yandex.net/get-music-content/5966316/5bc01766.a.22583615-1/50x50
Мурас,Мирбек Атабеков,https://avatars.yandex.net/get-music-content/1781407/49fa8bef.a.11840854-1/50x50
sybyrlaiyn <3,Ayau,https://avatars.yandex.net/get-music-content/5966316/4b09b5b7.a.23530512-1/50x50
Черная любовь,"ELMAN, MONA",https://avatars.yandex.net/get-music-content/5496390/c45352ba.a.23074279-2/50x50
I Got Love,"Miyagi & Эндшпиль, Рем Дигга",https://avatars.yandex.net/get-music-content/5314916/a57cedc4.a.20559909-1/50x50
Вера в любовь,Абир Касенов,https://avatars.yandex.net/get-music-content/2383988/572495f1.a.9704236-1/50x50
5000,Ирина Кайратовна,https://avatars.yandex.net/get-music-content/2811629/8ddfcd74.a.12283582-1/50x50
Су,"V $ X V PRiNCE, De lacure",https://avatars.yandex.net/get-music-content/6447985/7f01714b.a.23093583-1/50x50
Dudar Ai,Dake,https://avatars.yandex.net/get-music-content/5878680/9726e38e.a.24457751-1/50x50
На 2 Их,"V $ X V PRiNCE, Витя АК",https://avatars.yandex.net/get-music-content/7852894/0e26d661.a.24708574-4/50x50
Baby mama,"Скриптонит, Rayda",https://avatars.yandex.net/get-music-content/2355477/2bd6e39d.a.11246103-2/50x50
All Eyes on Me,Dj Belite,https://avatars.yandex.net/get-music-content/5412783/fdcebfbb.a.24402993-1/50x50
Ты и Я,Xcho,https://avatars.yandex.net/get-music-content/5966316/09f9bb6a.a.22072152-1/50x50
Кукла,Artik & Asti,https://avatars.yandex.net/get-music-content/7852894/22d43f9d.a.24844942-1/50x50
Bloody Mary,Lady Gaga,https://avatars.yandex.net/get-music-content/34131/cc20c177.a.220348-1/50x50
Положение,Скриптонит,https://avatars.yandex.net/get-music-content/7852894/0ca6d637.a.6623762-2/50x50
Cold Heart  PNAU Remix,"Elton John, Dua Lipa, PNAU",https://avatars.yandex.net/get-music-content/5413909/909de8e4.a.19780854-1/50x50
В комнате мрак,JANAGA,https://avatars.yandex.net/get-music-content/6255016/def12746.a.22382706-1/50x50
Dama,Aidyn Zhumakhan,https://avatars.yandex.net/get-music-content/6447985/458c7d0e.a.23396767-1/50x50
Патрон,Miyagi & Andy Panda,https://avatars.yandex.net/get-music-content/4489759/52dab5bc.a.14650027-1/50x50
Мурашки,V $ X V PRiNCE,https://avatars.yandex.net/get-music-content/6447985/7f01714b.a.23093583-1/50x50
Blinding Lights,The Weeknd,https://avatars.yandex.net/get-music-content/4399644/2bf88df7.a.13707793-1/50x50
Kõk tu,"Ирина Кайратовна, Shiza",https://avatars.yandex.net/get-music-content/6296749/a9581c6e.a.22068514-1/50x50
АЗИАТСКАЯ ЭСТЕТИКА,Ulukmanapo,https://avatars.yandex.net/get-music-content/4401814/923fee68.a.16412858-1/50x50
Не лей,Bakr,https://avatars.yandex.net/get-music-content/4404215/5b7906f2.a.15184390-1/50x50
Smack That,"Akon, Eminem",https://avatars.yandex.net/get-music-content/41288/58d6824a.a.196915-1/50x50
Сжигая дотла,Jah Khalib,https://avatars.yandex.net/get-music-content/63210/46bf0480.a.3332468-1/50x50
Starboy,"The Weeknd, Daft Punk",https://avatars.yandex.net/get-music-content/4399644/2bf88df7.a.13707793-1/50x50
Бир Өзүң,Мирбек Атабеков,https://avatars.yandex.net/get-music-content/3318009/0c418b5e.a.12058274-1/50x50
Ресницы,Ray,https://avatars.yandex.net/get-music-content/4716681/5f0b5938.a.14542522-1/50x50
TRUE,"Bakr, Ulukmanapo",https://avatars.yandex.net/get-music-content/5966316/f4203b7a.a.22015906-1/50x50
Космос,"Скриптонит, Charusha",https://avatars.yandex.net/get-music-content/2480468/f7161888.a.11999153-1/50x50
Uade,"Shiza, Ulukmanapo",https://avatars.yandex.net/get-music-content/5413909/36585bad.a.19988008-1/50x50
POPSTAR,INSTASAMKA,https://avatars.yandex.net/get-music-content/5502420/686d2bf8.a.24375438-1/50x50
Slow Mo,"Armich, Скриптонит",https://avatars.yandex.net/get-music-content/5502420/69e5e150.a.24440695-1/50x50
"Засыпай, красавица",HammAli & Navai,https://avatars.yandex.net/get-music-content/8871869/77b36d59.a.24911079-1/50x50
Reminder,The Weeknd,https://avatars.yandex.net/get-music-content/2480468/69048685.a.3952720-2/50x50
Статус души,Bakr,https://avatars.yandex.net/get-music-content/5235336/cd3ed04f.a.16537914-1/50x50
Marmalade,"Miyagi & Andy Panda, Mav-d",https://avatars.yandex.net/get-music-content/4446014/3b69a4a6.a.19358877-1/50x50
Осень  20.22,"Баста, Andro",https://avatars.yandex.net/get-music-content/6201394/3b60df99.a.22706183-1/50x50
Devil Eyes,Hippie Sabotage,https://avatars.yandex.net/get-music-content/117546/b0750eb1.a.4293150-1/50x50
Очередная грустная песня про тёлку,"MACAN, Ramil'",https://avatars.yandex.net/get-music-content/5853241/cb154b18.a.24601658-1/50x50
Люблю тебя за твою чистую душу,Kenjebek Nurdolday,https://avatars.yandex.net/get-music-content/8096180/cac0ecb3.a.24852522-1/50x50
Самурай,Miyagi,https://avatars.yandex.net/get-music-content/5718717/2d401ddd.a.21265372-1/50x50
MONEYKEN LOVE,INSTASAMKA,https://avatars.yandex.net/get-music-content/6214856/f6aee222.a.22823205-1/50x50
Silhouette,Miyagi & Эндшпиль,https://avatars.yandex.net/get-music-content/7548376/56284cfe.a.23877465-1/50x50
Суета,V $ X V PRiNCE,https://avatars.yandex.net/get-music-content/2110367/7f07dd04.a.11167568-1/50x50
METAMORPHOSIS,INTERWORLD,https://avatars.yandex.net/get-music-content/5485872/4ef7598d.a.19622826-1/50x50
Look At Me Habibi,Rakhim,https://avatars.yandex.net/get-music-content/5413909/144539e3.a.24577182-1/50x50
90,Pompeya,https://avatars.yandex.net/get-music-content/2442093/a4bee3e4.a.12645638-1/50x50
Лонели,LUCAVEROS,https://avatars.yandex.net/get-music-content/28589/255ef6da.a.3479466-1/50x50
Пополам,"BRANYA, MACAN",https://avatars.yandex.net/get-music-content/4387391/3236242c.a.16230309-1/50x50
Нотная слеза,Bakr,https://avatars.yandex.net/get-music-content/4382102/62d34d6e.a.18102455-1/50x50
Дем,RaiM,https://avatars.yandex.net/get-music-content/5314916/3d21f643.a.23720443-1/50x50
Город,WHITE GALLOWS,https://avatars.yandex.net/get-music-content/8316823/cefbbe32.a.24506295-1/50x50
Give It To Me,"Timbaland, Justin Timberlake, Nelly Furtado",https://avatars.yandex.net/get-music-content/49707/5b40556d.a.3323-1/50x50
Кино,MACAN,https://avatars.yandex.net/get-music-content/2358262/d217c998.a.10252343-1/50x50