Смартфон Xiaomi Редми 10 А 64 Gb (RAM 3 Gb) Dual Sim,10266,https://svetofor.info/images/thumbnails/300/300/detailed/301/smartfon-sjaomi-redmi-10-a-64-gb-ram-3-gb-dual-sim-1.jpg
Смартфон Xiaomi Редми 10 А 32 Gb (RAM 2 Gb) Dual Sim,8874,https://svetofor.info/images/thumbnails/300/300/detailed/301/smartfon-sjaomi-redmi-10-a-32-gb-ram-2-gb-dual-sim-1-1.jpg
Смартфон Xiaomi Поко М5 128 Gb (RAM 6 Gb) Dual Sim black,14877,https://svetofor.info/images/thumbnails/300/300/detailed/301/smartfon-sjaomi-poko-m5-128-gb-ram-6-gb-dual-sim-black-1.jpg
Смартфон Xiaomi Поко М5 128 Gb (RAM 6 Gb) Dual Sim green,14964,https://svetofor.info/images/thumbnails/300/300/detailed/301/smartfon-sjaomi-poko-m5-128-gb-ram-6-gb-dual-sim-green-1.jpg
Смартфон Xiaomi Редми нот 11 64 Gb (RAM 6 Gb) Dual Sim gray,14703,https://svetofor.info/images/thumbnails/300/300/detailed/301/smartfon-sjaomi-redmi-not-11-64-gb-ram-6-gb-dual-sim-gray-1.jpg
Смартфон Xiaomi Редми 10 64 Gb (RAM 6 Gb) Dual Sim white,12441,https://svetofor.info/images/thumbnails/300/300/detailed/301/smartfon-sjaomi-redmi-10-64-gb-ram-6-gb-dual-sim-white-1.jpg
Смартфон Xiaomi редми нот 10 про 256 Gb (RAM 8 Gb) Dual Sim blue,20532,https://svetofor.info/images/thumbnails/300/300/detailed/301/smartfon-sjaomi-redmi-not-10-pro-256-gb-ram-8-gb-dual-sim-blue-1.jpg
Смартфон Xiaomi Редми А1+ 32 Gb (RAM 2 Gb) Dual Sim green,7830,https://svetofor.info/images/thumbnails/300/300/detailed/301/smartfon-sjaomi-redmi-a1-32-gb-ram-2-gb-dual-sim-green-1.jpg
Смартфон Samsung Galaxy A03 core 32 Gb (RAM 2 Gb) Dual Sim Mint,8439,https://svetofor.info/images/thumbnails/300/300/detailed/301/smartfon-samsung-galaktika-a03-core-32-gb-ram-2-gb-dual-sim-mint-1.jpg
Смартфон Samsung Galaxy A03 core 32 Gb (RAM 2 Gb) Dual Sim Bronze,8439,https://svetofor.info/images/thumbnails/300/300/detailed/301/smartfon-samsung-galaktika-a03-core-32-gb-ram-2-gb-dual-sim-bronze-1.jpg
Смартфон Xiaomi Xiaomi 12 Т 256 Gb (RAM 8 Gb) Dual Sim,36541,https://svetofor.info/images/thumbnails/300/300/detailed/301/smartfon-sjaomi-sjaomi-12-t-256-gb-ram-8-gb-dual-sim-1.jpg
Смартфон Samsung Galaxy S22+ 128 Gb (RAM 8 Gb) Dual Sim Black,,https://svetofor.info/images/thumbnails/300/300/detailed/299/smartfon-samsung-galaktika-s22-128-gb-ram-8-gb-dual-sim-black-1.jpg
Смартфон Samsung Galaxy A53 256 Gb (RAM 8 Gb) Dual Sim Peach,34366,https://svetofor.info/images/thumbnails/300/300/detailed/299/smartfon-samsung-galaxy-a53-256-gb-ram-8-gb-dual-sim-purple-1.jpg
Смартфон Samsung Galaxy A53 128 Gb (RAM 6 Gb) Dual Sim Peach,29581,https://svetofor.info/images/thumbnails/300/300/detailed/299/smartfon-samsung-galaktika-a53-128-gb-ram-6-gb-dual-sim-peach-1.jpg
Смартфон Samsung Galaxy A03 core 32 Gb (RAM 2 Gb) Dual Sim black,8439,https://svetofor.info/images/thumbnails/300/300/detailed/301/smartfon-samsung-galaktika-a03-core-32-gb-ram-2-gb-dual-sim-black-1.jpg
Смартфон Xiaomi Поко М5 128 Gb (RAM 4 Gb) Dual Sim black,,https://svetofor.info/images/thumbnails/300/300/detailed/298/smartfon-xiaomi-poko-m5-128-gb-ram-4-gb-dual-sim-black-1.jpg
